"etag_id";"etagt_id";"etagt_language";"etagt_text";"etag_parent_id";"etag_weight";"etag_type"
"156";"1";"fr";"Anomalie de la qualité du tracé";"0";"0";"Catégorie"
"157";"3";"fr";"Artéfacts";"156";"1";"Normal"
"158";"5";"fr";"Inversion d'électrodes";"156";"2";"Normal"
"159";"7";"fr";"frontales";"158";"3";"Associé"
"160";"9";"fr";"précordiales";"158";"4";"Associé"
"161";"11";"fr";"onde P et QRS négatif DI";"158";"5";"Associé"
"162";"13";"fr";"tracé plat en DI, DII ou DIII";"158";"6";"Associé"
"163";"15";"fr";"onde P, QRS et T négatif en DIII";"158";"7";"Associé"
"164";"17";"fr";"ECG reconstruit";"156";"8";"Normal"
"165";"19";"fr";"Algorithme EASI";"164";"9";"Normal"
"166";"21";"fr";"Algorithme GE";"164";"10";"Normal"
"167";"23";"fr";"Algorithme autre/inconnu";"164";"11";"Normal"
"168";"25";"fr";"Rythme";"0";"12";"Catégorie"
"169";"27";"fr";"Rythme sinusal normal (Activité sinusale conduite aux ventricules)";"168";"13";"Normal"
"171";"29";"fr";"Activité sinusale (onde P sinusale)";"168";"14";"Normal"
"173";"31";"fr";"Anomalie de conduction";"168";"15";"Normal"
"174";"33";"fr";"Bradycardie (FC < 60 bpm)";"173";"16";"Normal"
"175";"35";"fr";"Bradycardie sinusale";"174";"17";"Normal"
"176";"37";"fr";"appropriée à la clinique";"175";"18";"Associé"
"179";"39";"fr";"Asystole";"173";"19";"Normal"
"182";"41";"fr";"Dysfonction sinusale / Bloc sino atrial (BSA)";"173";"20";"Normal"
"183";"43";"fr";"Bradycardie sinusale pathologique";"182";"21";"Normal"
"186";"45";"fr";"Bloc sino atrial (BSA) de type 1";"182";"22";"Normal"
"188";"47";"fr";"Bloc sino atrial (BSA) de type 2 (onde P manquante)";"182";"23";"Normal"
"191";"49";"fr";"Bloc sino atrial (BSA) de type 3 (onde P inexistante) ou paralysie sinusale";"182";"24";"Normal"
"194";"51";"fr";"Pause sinusale (> 3 sec)";"182";"25";"Normal"
"198";"53";"fr";"Pause post réduction de tachycardie";"182";"26";"Normal"
"204";"55";"fr";"Anomalie de la conduction AV";"173";"27";"Normal"
"205";"57";"fr";"BAV 1";"204";"28";"Normal"
"206";"59";"fr";"BAV 2 Mobitz 1";"204";"29";"Normal"
"209";"61";"fr";"BAV 2 : 1";"204";"30";"Normal"
"211";"63";"fr";"BAV 2 Mobitz 2 (onde P bloquée inopinée)";"204";"31";"Normal"
"213";"65";"fr";"BAV 3 : 1 ou plus ou FA très lente";"204";"32";"Normal"
"215";"67";"fr";"BAV 3 / complet";"204";"33";"Normal"
"220";"69";"fr";"Bloc de branche";"173";"34";"Normal"
"221";"71";"fr";"Bloc de branche droit (BBD) incomplet";"220";"35";"Normal"
"225";"73";"fr";"Bloc de branche droit (BBD) complet";"220";"36";"Normal"
"227";"75";"fr";"Bloc fasciculaire antérieur gauche (BFAG ou HBAG)";"220";"37";"Normal"
"231";"77";"fr";"Bloc fasciculaire postérieur gauche (BFPG ou HBPG)";"220";"38";"Normal"
"235";"79";"fr";"Bloc de branche gauche incomplet";"220";"39";"Normal"
"237";"81";"fr";"Bloc de branche gauche complet (BBG)";"220";"40";"Normal"
"239";"83";"fr";"Bloc indifférencié";"220";"41";"Normal"
"241";"85";"fr";"Bloc bifasciculaire";"220";"42";"Normal"
"246";"87";"fr";"Bloc alternant";"220";"43";"Normal"
"249";"89";"fr";"PR court";"173";"44";"Normal"
"255";"91";"fr";"Pré-excitation";"249";"45";"Normal"
"259";"93";"fr";"antéro-latérale gauche";"255";"46";"Associé"
"263";"95";"fr";"postéro-latérale gauche";"255";"47";"Associé"
"267";"97";"fr";"postéro-septale gauche";"255";"48";"Associé"
"271";"99";"fr";"postéro-septale droite";"255";"49";"Associé"
"275";"101";"fr";"antéro-septale droite";"255";"50";"Associé"
"279";"103";"fr";"postéro-latérale droite";"255";"51";"Associé"
"283";"105";"fr";"antéro-latérale droite";"255";"52";"Associé"
"287";"107";"fr";"de type Mahaim";"255";"53";"Associé"
"290";"109";"fr";"Anomalie de rythme";"168";"54";"Normal"
"291";"111";"fr";"Tachycardie (FC > 100 bpm)";"290";"55";"Normal"
"292";"113";"fr";"Tachycardie sinusale";"291";"56";"Normal"
"293";"115";"fr";"appropriée à la clinique";"292";"57";"Associé"
"294";"117";"fr";"inappropriée à la clinique";"292";"58";"Associé"
"295";"119";"fr";"Tachycardie à QRS fins réguliers";"291";"59";"Normal"
"302";"121";"fr";"Tachycardie à QRS fins irréguliers";"291";"60";"Normal"
"308";"123";"fr";"Tachycardie à QRS larges réguliers monomorphes";"291";"61";"Normal"
"323";"125";"fr";"Tachycardie à QRS larges irréguliers monomorphes";"291";"62";"Normal"
"338";"127";"fr";"Tachycardie à QRS larges irréguliers polymorphes";"291";"63";"Normal"
"345";"129";"fr";"Fibrillation ventriculaire";"338";"64";"Normal"
"346";"131";"fr";"Torsade de pointe";"338";"65";"Normal"
"347";"133";"fr";"SuperWolf (Fibrillation atriale + pré-excitation)";"338";"66";"Normal"
"1856";"135";"fr";"Tachycardie ventriculaire (TV) polymorphe";"338";"67";"Normal"
"1857";"137";"fr";"Tachycardie ventriculaire bidirectionnelle";"338";"68";"Normal"
"351";"139";"fr";"Flutter atrial";"290";"69";"Normal"
"352";"141";"fr";"Flutter atrial typique";"351";"70";"Normal"
"353";"143";"fr";"Flutter anti-horaire (commun)";"352";"71";"Normal"
"354";"145";"fr";"conduction 1/1";"353";"72";"Associé"
"355";"147";"fr";"conduction 2/1";"353";"73";"Associé"
"356";"149";"fr";"conduction variable";"353";"74";"Associé"
"357";"151";"fr";"conduction lente";"353";"75";"Associé"
"362";"153";"fr";"Flutter horaire";"352";"76";"Normal"
"363";"155";"fr";"conduction 1/1";"362";"77";"Associé"
"364";"157";"fr";"conduction 2/1";"362";"78";"Associé"
"365";"159";"fr";"conduction variable";"362";"79";"Associé"
"366";"161";"fr";"conduction lente";"362";"80";"Associé"
"371";"163";"fr";"conduction 1/1";"352";"81";"Associé"
"372";"165";"fr";"conduction 2/1";"352";"82";"Associé"
"373";"167";"fr";"conduction variable";"352";"83";"Associé"
"379";"169";"fr";"Flutter atrial atypique";"351";"84";"Normal"
"380";"171";"fr";"conduction 1/1";"379";"85";"Associé"
"381";"173";"fr";"conduction 2/1";"379";"86";"Associé"
"382";"175";"fr";"conduction variable";"379";"87";"Associé"
"383";"177";"fr";"conduction lente";"379";"88";"Associé"
"1425";"179";"fr";"péri-cicatriciel post chirurgie cardiaque";"379";"89";"Associé"
"1426";"181";"fr";"péri-mitral";"379";"90";"Associé"
"1427";"183";"fr";"du toit de l'OG";"379";"91";"Associé"
"391";"185";"fr";"Flutter atypique droit";"379";"92";"Normal"
"392";"187";"fr";"conduction 1/1";"391";"93";"Associé"
"393";"189";"fr";"conduction 2/1";"391";"94";"Associé"
"394";"191";"fr";"conduction variable";"391";"95";"Associé"
"395";"193";"fr";"conduction lente";"391";"96";"Associé"
"1428";"195";"fr";"péri-cicatriciel post chirurgie cardiaque";"391";"97";"Associé"
"403";"197";"fr";"Flutter atypique gauche";"379";"98";"Normal"
"404";"199";"fr";"conduction 1/1";"403";"99";"Associé"
"405";"201";"fr";"conduction 2/1";"403";"100";"Associé"
"406";"203";"fr";"conduction variable";"403";"101";"Associé"
"407";"205";"fr";"conduction lente";"403";"102";"Associé"
"1429";"207";"fr";"péri-cicatriciel post chirurgie cardiaque";"403";"103";"Associé"
"1430";"209";"fr";"péri-mitral";"403";"104";"Associé"
"1431";"211";"fr";"du toit de l'OG";"403";"105";"Associé"
"415";"213";"fr";"conduction 1/1";"351";"106";"Associé"
"416";"215";"fr";"conduction 2/1";"351";"107";"Associé"
"417";"217";"fr";"conduction variable";"351";"108";"Associé"
"418";"219";"fr";"conduction lente";"351";"109";"Associé"
"423";"221";"fr";"Tachycardie atriale";"290";"110";"Normal"
"424";"223";"fr";"conduction 1/1";"423";"111";"Associé"
"425";"225";"fr";"conduction 2/1";"423";"112";"Associé"
"426";"227";"fr";"conduction variable";"423";"113";"Associé"
"427";"229";"fr";"conduction lente";"423";"114";"Associé"
"432";"231";"fr";"Fibrillation atriale (FA)";"290";"115";"Normal"
"434";"233";"fr";"grosses mailles";"432";"116";"Associé"
"435";"235";"fr";"petites mailles";"432";"117";"Associé"
"436";"237";"fr";"conduction lente";"432";"118";"Associé"
"443";"239";"fr";"Tachycardie jonctionnelle";"290";"119";"Normal"
"444";"241";"fr";"Tachycardie par réentrée intranodale";"443";"120";"Normal"
"445";"243";"fr";"slow fast";"444";"121";"Associé"
"446";"245";"fr";"slow slow";"444";"122";"Associé"
"447";"247";"fr";"fast slow";"444";"123";"Associé"
"452";"249";"fr";"Tachycardie par réentrée sur voie accessoire à conduction décrémentielle (de Coumel)";"443";"124";"Normal"
"456";"251";"fr";"Tachycardie par réentrée sur voie accessoire à conduction décrémentielle (sur fibre de Mahaim)";"443";"125";"Normal"
"460";"253";"fr";"Tachycardie par réentrée sur voie accessoire orthodromique";"443";"126";"Normal"
"464";"255";"fr";"Tachycardie par réentrée sur voie accessoire antidromique";"443";"127";"Normal"
"468";"257";"fr";"Tachycardie jonctionnelle ectopique (JET) ou tachycardie automatique";"443";"128";"Normal"
"471";"259";"fr";"Double réponse ventriculaire (double conduction nodale)";"290";"129";"Normal"
"472";"261";"fr";"Tachycardie ventriculaire (TV)";"290";"130";"Normal"
"522";"263";"fr";"gauche";"472";"131";"Associé"
"523";"265";"fr";"droite";"472";"132";"Associé"
"524";"267";"fr";"basale";"472";"133";"Associé"
"525";"269";"fr";"médiane";"472";"134";"Associé"
"526";"271";"fr";"apicale";"472";"135";"Associé"
"527";"273";"fr";"inférieure";"472";"136";"Associé"
"528";"275";"fr";"antérieure";"472";"137";"Associé"
"529";"277";"fr";"septale";"472";"138";"Associé"
"530";"279";"fr";"latérale";"472";"139";"Associé"
"473";"281";"fr";"Tachycardie ventriculaire (TV) sur séquelle de nécrose";"472";"140";"Normal"
"474";"283";"fr";"gauche";"473";"141";"Associé"
"475";"285";"fr";"droite";"473";"142";"Associé"
"476";"287";"fr";"basale";"473";"143";"Associé"
"477";"289";"fr";"médiane";"473";"144";"Associé"
"478";"291";"fr";"apicale";"473";"145";"Associé"
"479";"293";"fr";"inférieure";"473";"146";"Associé"
"480";"295";"fr";"antérieure";"473";"147";"Associé"
"481";"297";"fr";"septale";"473";"148";"Associé"
"482";"299";"fr";"latérale";"473";"149";"Associé"
"483";"301";"fr";"Tachycardie ventriculaire (TV) sur coeur sain";"472";"150";"Normal"
"484";"303";"fr";"infundibulaire";"483";"151";"Associé"
"485";"305";"fr";"fasciculaire";"483";"152";"Associé"
"486";"307";"fr";"de pillier";"483";"153";"Associé"
"487";"309";"fr";"croix du coeur";"483";"154";"Associé"
"488";"311";"fr";"péri-hissienne";"483";"155";"Associé"
"489";"313";"fr";"gauche";"483";"156";"Associé"
"490";"315";"fr";"droite";"483";"157";"Associé"
"491";"317";"fr";"basale";"483";"158";"Associé"
"492";"319";"fr";"médiane";"483";"159";"Associé"
"493";"321";"fr";"apicale";"483";"160";"Associé"
"494";"323";"fr";"inférieure";"483";"161";"Associé"
"495";"325";"fr";"antérieure";"483";"162";"Associé"
"496";"327";"fr";"septale";"483";"163";"Associé"
"497";"329";"fr";"latérale";"483";"164";"Associé"
"498";"331";"fr";"Tachycardie ventriculaire (TV) sur cardiopathie non ischémique";"472";"165";"Normal"
"499";"333";"fr";"de branche à branche";"498";"166";"Associé"
"500";"335";"fr";"epicardique";"498";"167";"Associé"
"501";"337";"fr";"gauche";"498";"168";"Associé"
"502";"339";"fr";"droite";"498";"169";"Associé"
"503";"341";"fr";"basale";"498";"170";"Associé"
"504";"343";"fr";"médiane";"498";"171";"Associé"
"505";"345";"fr";"apicale";"498";"172";"Associé"
"506";"347";"fr";"inférieure";"498";"173";"Associé"
"507";"349";"fr";"antérieure";"498";"174";"Associé"
"508";"351";"fr";"septale";"498";"175";"Associé"
"509";"353";"fr";"latérale";"498";"176";"Associé"
"510";"355";"fr";"Flutter ventriculaire";"472";"177";"Normal"
"511";"357";"fr";"gauche";"510";"178";"Associé"
"512";"359";"fr";"droite";"510";"179";"Associé"
"513";"361";"fr";"basale";"510";"180";"Associé"
"514";"363";"fr";"médiane";"510";"181";"Associé"
"515";"365";"fr";"apicale";"510";"182";"Associé"
"516";"367";"fr";"inférieure";"510";"183";"Associé"
"517";"369";"fr";"antérieure";"510";"184";"Associé"
"518";"371";"fr";"septale";"510";"185";"Associé"
"519";"373";"fr";"latérale";"510";"186";"Associé"
"520";"375";"fr";"Tachycardie ventriculaire (TV) bidirectionnelle";"472";"187";"Normal"
"521";"377";"fr";"Tachycardie ventriculaire (TV) polymorphe";"472";"188";"Normal"
"537";"379";"fr";"Tachycardie ventriculaire non soutenue (TVNS)";"290";"189";"Normal"
"538";"381";"fr";"monomorphe";"537";"190";"Associé"
"539";"383";"fr";"polymorphe";"537";"191";"Associé"
"540";"385";"fr";"gauche";"537";"192";"Associé"
"541";"387";"fr";"droite";"537";"193";"Associé"
"542";"389";"fr";"basale";"537";"194";"Associé"
"543";"391";"fr";"médiane";"537";"195";"Associé"
"544";"393";"fr";"apicale";"537";"196";"Associé"
"545";"395";"fr";"inférieure";"537";"197";"Associé"
"546";"397";"fr";"antérieure";"537";"198";"Associé"
"547";"399";"fr";"septale";"537";"199";"Associé"
"548";"401";"fr";"latérale";"537";"200";"Associé"
"550";"403";"fr";"Rythme idioventriculaire accéléré (RIVA)";"290";"201";"Normal"
"551";"405";"fr";"Rythme idioventriculaire accéléré (RIVA) post reperfusion coronaire";"550";"202";"Normal"
"554";"407";"fr";"Rythme idiojonctionnel accéléré (RIJA)";"290";"203";"Normal"
"555";"409";"fr";"Rythme idiojonctionnel accéléré (RIJA) post ablation de la voie lente";"554";"204";"Normal"
"557";"411";"fr";"Rythme idiojonctionnel accéléré (RIJA) induit par cathécholamine";"554";"205";"Normal"
"559";"413";"fr";"Rythme idiojonctionnel accéléré (RIJA) post reperfusion coronaire";"554";"206";"Normal"
"562";"415";"fr";"Extrasystoles supraventriculaires (ESSV)";"290";"207";"Normal"
"1316";"417";"fr";"bigéminisme";"562";"208";"Associé"
"1317";"419";"fr";"trigéminisme";"562";"209";"Associé"
"1318";"421";"fr";"doublet";"562";"210";"Associé"
"1319";"423";"fr";"triplet";"562";"211";"Associé"
"1320";"425";"fr";"salve";"562";"212";"Associé"
"1321";"427";"fr";"bloquée";"562";"213";"Associé"
"563";"429";"fr";"Extrasystoles atrial (ESA)";"562";"214";"Normal"
"1322";"431";"fr";"bigéminisme";"563";"215";"Associé"
"1323";"433";"fr";"trigéminisme";"563";"216";"Associé"
"1324";"435";"fr";"doublet";"563";"217";"Associé"
"1325";"437";"fr";"triplet";"563";"218";"Associé"
"1326";"439";"fr";"salve";"563";"219";"Associé"
"1327";"441";"fr";"bloquée";"563";"220";"Associé"
"570";"443";"fr";"Extrasystoles jonctionnelles (ESJ)";"562";"221";"Normal"
"1328";"445";"fr";"bigéminisme";"570";"222";"Associé"
"1329";"447";"fr";"trigéminisme";"570";"223";"Associé"
"1330";"449";"fr";"doublet";"570";"224";"Associé"
"1331";"451";"fr";"triplet";"570";"225";"Associé"
"1332";"453";"fr";"salve";"570";"226";"Associé"
"1333";"455";"fr";"bloquée";"570";"227";"Associé"
"583";"457";"fr";"Extrasystoles ventriculaires (ESV)";"290";"228";"Normal"
"1271";"459";"fr";"bigéminisme";"583";"229";"Associé"
"1272";"461";"fr";"trigéminisme";"583";"230";"Associé"
"1273";"463";"fr";"doublet";"583";"231";"Associé"
"1274";"465";"fr";"triplet";"583";"232";"Associé"
"1275";"467";"fr";"salve";"583";"233";"Associé"
"740";"469";"fr";"couplage court";"583";"234";"Associé"
"741";"471";"fr";"couplage long";"583";"235";"Associé"
"1551";"473";"fr";"phénomène R sur T";"583";"236";"Associé"
"744";"475";"fr";"gauche";"583";"237";"Associé"
"745";"477";"fr";"droite";"583";"238";"Associé"
"746";"479";"fr";"basale";"583";"239";"Associé"
"747";"481";"fr";"médiane";"583";"240";"Associé"
"748";"483";"fr";"apicale";"583";"241";"Associé"
"749";"485";"fr";"inférieure";"583";"242";"Associé"
"750";"487";"fr";"antérieure";"583";"243";"Associé"
"751";"489";"fr";"septale";"583";"244";"Associé"
"752";"491";"fr";"latérale";"583";"245";"Associé"
"584";"493";"fr";"Extrasystoles ventriculaires (ESV) infundibulaire VD";"583";"246";"Normal"
"1276";"495";"fr";"bigéminisme";"584";"247";"Associé"
"1277";"497";"fr";"trigéminisme";"584";"248";"Associé"
"1278";"499";"fr";"doublet";"584";"249";"Associé"
"1279";"501";"fr";"triplet";"584";"250";"Associé"
"1280";"503";"fr";"salve";"584";"251";"Associé"
"589";"505";"fr";"couplage court";"584";"252";"Associé"
"590";"507";"fr";"couplage long";"584";"253";"Associé"
"1554";"509";"fr";"phénomène R sur T";"584";"254";"Associé"
"603";"511";"fr";"Extrasystoles ventriculaires (ESV) du ventricule droit (autre que infundibulaire)";"583";"255";"Normal"
"1281";"513";"fr";"bigéminisme";"603";"256";"Associé"
"1282";"515";"fr";"trigéminisme";"603";"257";"Associé"
"1283";"517";"fr";"doublet";"603";"258";"Associé"
"1284";"519";"fr";"triplet";"603";"259";"Associé"
"1285";"521";"fr";"salve";"603";"260";"Associé"
"608";"523";"fr";"couplage court";"603";"261";"Associé"
"609";"525";"fr";"couplage long";"603";"262";"Associé"
"614";"527";"fr";"basale";"603";"263";"Associé"
"615";"529";"fr";"médiane";"603";"264";"Associé"
"616";"531";"fr";"apicale";"603";"265";"Associé"
"617";"533";"fr";"inférieure";"603";"266";"Associé"
"618";"535";"fr";"antérieure";"603";"267";"Associé"
"619";"537";"fr";"septale";"603";"268";"Associé"
"620";"539";"fr";"latérale";"603";"269";"Associé"
"1556";"541";"fr";"phénomène R sur T";"603";"270";"Associé"
"622";"543";"fr";"Extrasystoles ventriculaires (ESV) de pillier";"583";"271";"Normal"
"1286";"545";"fr";"bigéminisme";"622";"272";"Associé"
"1287";"547";"fr";"trigéminisme";"622";"273";"Associé"
"1288";"549";"fr";"doublet";"622";"274";"Associé"
"1289";"551";"fr";"triplet";"622";"275";"Associé"
"1290";"553";"fr";"salve";"622";"276";"Associé"
"627";"555";"fr";"couplage court";"622";"277";"Associé"
"628";"557";"fr";"couplage long";"622";"278";"Associé"
"1559";"559";"fr";"phénomène R sur T";"622";"279";"Associé"
"638";"561";"fr";"septale";"622";"280";"Associé"
"639";"563";"fr";"latérale";"622";"281";"Associé"
"641";"565";"fr";"Extrasystoles ventriculaires (ESV) infundibulaire VG (de cusp)";"583";"282";"Normal"
"1291";"567";"fr";"bigéminisme";"641";"283";"Associé"
"1292";"569";"fr";"trigéminisme";"641";"284";"Associé"
"1293";"571";"fr";"doublet";"641";"285";"Associé"
"1294";"573";"fr";"triplet";"641";"286";"Associé"
"1295";"575";"fr";"salve";"641";"287";"Associé"
"646";"577";"fr";"couplage court";"641";"288";"Associé"
"647";"579";"fr";"couplage long";"641";"289";"Associé"
"1562";"581";"fr";"phénomène R sur T";"641";"290";"Associé"
"660";"583";"fr";"Extrasystoles ventriculaires (ESV) de la jonction mitro-aortique";"583";"291";"Normal"
"1296";"585";"fr";"bigéminisme";"660";"292";"Associé"
"1297";"587";"fr";"trigéminisme";"660";"293";"Associé"
"1298";"589";"fr";"doublet";"660";"294";"Associé"
"1299";"591";"fr";"triplet";"660";"295";"Associé"
"1300";"593";"fr";"salve";"660";"296";"Associé"
"665";"595";"fr";"couplage court";"660";"297";"Associé"
"666";"597";"fr";"couplage long";"660";"298";"Associé"
"1565";"599";"fr";"phénomène R sur T";"660";"299";"Associé"
"679";"601";"fr";"Extrasystoles ventriculaires (ESV) fasciculaire";"583";"300";"Normal"
"1301";"603";"fr";"bigéminisme";"679";"301";"Associé"
"1302";"605";"fr";"trigéminisme";"679";"302";"Associé"
"1303";"607";"fr";"doublet";"679";"303";"Associé"
"1304";"609";"fr";"triplet";"679";"304";"Associé"
"1305";"611";"fr";"salve";"679";"305";"Associé"
"684";"613";"fr";"couplage court";"679";"306";"Associé"
"685";"615";"fr";"couplage long";"679";"307";"Associé"
"1568";"617";"fr";"phénomène R sur T";"679";"308";"Associé"
"694";"619";"fr";"antérieure";"679";"309";"Associé"
"695";"621";"fr";"postérieure";"679";"310";"Associé"
"698";"623";"fr";"Extrasystoles ventriculaires (ESV) du Purkinje";"583";"311";"Normal"
"1306";"625";"fr";"bigéminisme";"698";"312";"Associé"
"1307";"627";"fr";"trigéminisme";"698";"313";"Associé"
"1308";"629";"fr";"doublet";"698";"314";"Associé"
"1309";"631";"fr";"triplet";"698";"315";"Associé"
"1310";"633";"fr";"salve";"698";"316";"Associé"
"703";"635";"fr";"couplage court";"698";"317";"Associé"
"704";"637";"fr";"couplage long";"698";"318";"Associé"
"1571";"639";"fr";"phénomène R sur T";"698";"319";"Associé"
"707";"641";"fr";"gauche";"698";"320";"Associé"
"708";"643";"fr";"droite";"698";"321";"Associé"
"709";"645";"fr";"basale";"698";"322";"Associé"
"710";"647";"fr";"médiane";"698";"323";"Associé"
"711";"649";"fr";"apicale";"698";"324";"Associé"
"712";"651";"fr";"inférieure";"698";"325";"Associé"
"713";"653";"fr";"antérieure";"698";"326";"Associé"
"714";"655";"fr";"septale";"698";"327";"Associé"
"715";"657";"fr";"latérale";"698";"328";"Associé"
"717";"659";"fr";"Extrasystoles ventriculaires (ESV) du sommet du VG";"583";"329";"Normal"
"1311";"661";"fr";"bigéminisme";"717";"330";"Associé"
"1312";"663";"fr";"trigéminisme";"717";"331";"Associé"
"1313";"665";"fr";"doublet";"717";"332";"Associé"
"1314";"667";"fr";"triplet";"717";"333";"Associé"
"1315";"669";"fr";"salve";"717";"334";"Associé"
"722";"671";"fr";"couplage court";"717";"335";"Associé"
"723";"673";"fr";"couplage long";"717";"336";"Associé"
"1574";"675";"fr";"phénomène R sur T";"717";"337";"Associé"
"754";"677";"fr";"Wandering pacemaker";"290";"338";"Normal"
"755";"679";"fr";"Electro-entrainement / Pacemaker / Défibrillateur (stimulation)";"168";"339";"Normal"
"756";"681";"fr";"Stimulation atriale";"755";"340";"Normal"
"758";"683";"fr";"Stimulation ventriculaire";"755";"341";"Normal"
"759";"685";"fr";"Stimulation ventriculaire droite";"758";"342";"Normal"
"760";"687";"fr";"Stimulation ventriculaire gauche";"758";"343";"Normal"
"761";"689";"fr";"Stimulation de resynchronisation biventriculaire";"758";"344";"Normal"
"762";"691";"fr";"négativité DI";"761";"345";"Associé"
"764";"693";"fr";"Stimulation hissienne sélective";"758";"346";"Normal"
"765";"695";"fr";"Stimulation hissienne non sélective";"758";"347";"Normal"
"766";"697";"fr";"Stimulation de branche gauche sélective";"758";"348";"Normal"
"767";"699";"fr";"Stimulation de branche gauche non sélective";"758";"349";"Normal"
"768";"701";"fr";"Stimulation septal profonde";"758";"350";"Normal"
"770";"703";"fr";"Cardioversion";"755";"351";"Normal"
"771";"705";"fr";"Cardioversion TSV inefficace";"770";"352";"Normal"
"772";"707";"fr";"Cardioversion TV/FV inefficace";"770";"353";"Normal"
"773";"709";"fr";"Dysfonction de pacemaker";"168";"354";"Normal"
"774";"711";"fr";"Tachycardie electroentrainée";"773";"355";"Normal"
"775";"713";"fr";"Tachycardie par réentrée electronique";"774";"356";"Normal"
"776";"715";"fr";"Tachycardie par défaut de repli";"774";"357";"Normal"
"777";"717";"fr";"Tachycardie electroentrainée sur suivi d'une TSV lente";"774";"358";"Normal"
"778";"719";"fr";"Défaut de capture";"773";"359";"Normal"
"779";"721";"fr";"Artefact (spike) de stimulation sans capture atriale";"778";"360";"Normal"
"781";"723";"fr";"Artefact (spike) de stimulation sans capture ventriculaire";"778";"361";"Normal"
"784";"725";"fr";"Bradycardie en présence d'un stimulateur cardiaque";"773";"362";"Normal"
"785";"727";"fr";"Surdétection";"784";"363";"Normal"
"787";"729";"fr";"Algorithme de conservation de la conduction";"784";"364";"Normal"
"790";"731";"fr";"Excès de stimulation";"773";"365";"Normal"
"792";"733";"fr";"Défaut d'écoute";"790";"366";"Normal"
"794";"735";"fr";"Stimulation en fenêtre de sécurité";"790";"367";"Normal"
"796";"737";"fr";"Rythme d'échappement";"168";"368";"Normal"
"799";"739";"fr";"Echappement atrial";"796";"369";"Normal"
"801";"741";"fr";"Echappement jonctionnel";"796";"370";"Normal"
"804";"743";"fr";"Echappement ventriculaire";"796";"371";"Normal"
"807";"745";"fr";"Anomalie de la morphologie onde P";"0";"372";"Catégorie"
"808";"747";"fr";"Hypertrophie atriale";"807";"373";"Normal"
"809";"749";"fr";"Hypertrophie atriale gauche (HAG)";"808";"374";"Normal"
"812";"751";"fr";"Hypertrophie atriale droite (HAD)";"808";"375";"Normal"
"817";"753";"fr";"Bloc de conduction intra-atrial";"807";"376";"Normal"
"818";"755";"fr";"Activité atriale basse (onde P non positive en DII-VF)";"807";"377";"Normal"
"819";"757";"fr";"Rythme du sinus coronaire";"818";"378";"Normal"
"820";"759";"fr";"Onde P rétrograde";"807";"379";"Normal"
"821";"761";"fr";"Anomalie de la morphologie QRS";"0";"380";"Catégorie"
"822";"763";"fr";"Onde Q pathologique";"821";"381";"Normal"
"823";"765";"fr";"antérieure";"822";"382";"Associé"
"824";"767";"fr";"septale (V1-V2)";"822";"383";"Associé"
"825";"769";"fr";"apicale (V3-V4)";"822";"384";"Associé"
"826";"771";"fr";"latérale bas (V5-V6)";"822";"385";"Associé"
"827";"773";"fr";"latérale haut (DI-aVL)";"822";"386";"Associé"
"828";"775";"fr";"inférieure (DIII-VF-DII)";"822";"387";"Associé"
"829";"777";"fr";"postéro-basale (V7-V8-V9)";"822";"388";"Associé"
"830";"779";"fr";"droite (V3R V4R)";"822";"389";"Associé"
"831";"781";"fr";"QRS larges";"821";"390";"Normal"
"838";"783";"fr";"Modification ischémique aiguë des QRS";"821";"391";"Normal"
"839";"785";"fr";"fragmentation";"838";"392";"Associé"
"843";"787";"fr";"Amplitude anormale des QRS";"821";"393";"Normal"
"844";"789";"fr";"Hypertrophie ventriculaire gauche (HVG)";"843";"394";"Normal"
"845";"791";"fr";"Indice de Sokolow > 35 mm (> 45 mm avant 40 ans)";"844";"395";"Associé"
"847";"793";"fr";"Indice de Cornell > 28 mm (H); > 20 mm (F)";"844";"396";"Associé"
"850";"795";"fr";"Hypertrophie ventriculaire droite (HVD)";"843";"397";"Normal"
"851";"797";"fr";"Microvoltage";"843";"398";"Normal"
"852";"799";"fr";"Microvoltage diffus";"851";"399";"Normal"
"855";"801";"fr";"Rabotage/écrêtage des ondes R en antérieur";"843";"400";"Normal"
"2860";"803";"fr";"Axe des QRS";"821";"401";"Normal"
"11";"805";"fr";"Axe droit";"2860";"402";"Normal"
"3797";"2277";"fr";"Axe droit";"4505";"402";"Normal"
"12";"807";"fr";"Axe extrême";"2860";"403";"Normal"
"3798";"2279";"fr";"Axe extrême";"4505";"403";"Normal"
"13";"809";"fr";"Axe gauche";"2860";"404";"Normal"
"3799";"2281";"fr";"Axe gauche";"4505";"404";"Normal"
"14";"811";"fr";"Axe normal";"2860";"405";"Normal"
"3800";"2283";"fr";"Axe normal";"4505";"405";"Normal"
"856";"813";"fr";"Anomalie de repolarisation du point J ou du segment ST";"0";"406";"Catégorie"
"857";"815";"fr";"Variante de la normale";"856";"407";"Normal"
"858";"817";"fr";"Sus-décalage physiologique antérieur (repolarisation masculine)";"857";"408";"Normal"
"859";"819";"fr";"septal (V1-V2)";"858";"409";"Associé"
"860";"821";"fr";"apical (V3-V4)";"858";"410";"Associé"
"861";"823";"fr";"Repolarisation précoce (Point J surélevé avec aspect de rebond dans les dérivations inférieures et/ou latérales)";"856";"411";"Normal"
"862";"825";"fr";"inférieur (DII-DIII-aVF)";"861";"412";"Associé"
"863";"827";"fr";"latéral bas (V5-V6)";"861";"413";"Associé"
"864";"829";"fr";"latéral haut (DI aVL)";"861";"414";"Associé"
"2685";"831";"fr";"étendu";"861";"415";"Associé"
"865";"833";"fr";"syndrome de repolarisation précoce";"861";"416";"Associé"
"866";"835";"fr";"Sus-décalage ST (ST+) pathologique";"856";"417";"Normal"
"3504";"837";"fr";"antérieur (V1-V6)";"866";"418";"Associé"
"3505";"839";"fr";"septal (V1-V2)";"866";"419";"Associé"
"3506";"841";"fr";"apical (V3-V4)";"866";"420";"Associé"
"3507";"843";"fr";"latéral bas (V5-V6)";"866";"421";"Associé"
"3508";"845";"fr";"latéral haut (DI-VL)";"866";"422";"Associé"
"3509";"847";"fr";"inférieur (DIII-VF-DII)";"866";"423";"Associé"
"3510";"849";"fr";"postéro-basal (V7-V8-V9)";"866";"424";"Associé"
"3511";"851";"fr";"droite (V3R-V4R)";"866";"425";"Associé"
"867";"853";"fr";"Sus-décalage ST évocateur d'occlusion coronaire/syndrome coronaire aigü (SCA)";"866";"426";"Normal"
"871";"855";"fr";"antérieur (V1-V6)";"867";"427";"Associé"
"872";"857";"fr";"septal (V1-V2)";"867";"428";"Associé"
"873";"859";"fr";"apical (V3-V4)";"867";"429";"Associé"
"874";"861";"fr";"latéral bas (V5-V6)";"867";"430";"Associé"
"875";"863";"fr";"latéral haut (DI-VL)";"867";"431";"Associé"
"876";"865";"fr";"inférieur (DIII-VF-DII)";"867";"432";"Associé"
"877";"867";"fr";"postéro-basal (V7-V8-V9)";"867";"433";"Associé"
"878";"869";"fr";"droite (V3R-V4R)";"867";"434";"Associé"
"879";"871";"fr";"Sus-décalage ST évocateur de péricardite/myocardite";"866";"435";"Normal"
"881";"873";"fr";"antérieur (V1-V6)";"879";"436";"Associé"
"882";"875";"fr";"septal (V1-V2)";"879";"437";"Associé"
"883";"877";"fr";"apical (V3-V4)";"879";"438";"Associé"
"884";"879";"fr";"latéral bas (V5-V6)";"879";"439";"Associé"
"885";"881";"fr";"latéral haut (DI-VL)";"879";"440";"Associé"
"886";"883";"fr";"inférieur (DIII-VF-DII)";"879";"441";"Associé"
"887";"885";"fr";"postéro-basal (V7-V8-V9)";"879";"442";"Associé"
"888";"887";"fr";"droite (V3R-V4R)";"879";"443";"Associé"
"889";"889";"fr";"Sus-décalage ST évocateur de Brugada";"866";"444";"Normal"
"890";"891";"fr";"Sus-décalage ST typique de Brugada (Point J surélevé avec Sus-décalage ST >= 2 mm en V1 ou V2 en dôme ou triangle)";"889";"445";"Normal"
"891";"893";"fr";"Sus-décalage ST atypique en V1";"889";"446";"Normal"
"892";"895";"fr";"Sus-décalage ST évocateur de Takotsubo";"866";"447";"Normal"
"893";"897";"fr";"antérieur (V1-V6)";"892";"448";"Associé"
"894";"899";"fr";"septal (V1-V2)";"892";"449";"Associé"
"895";"901";"fr";"apical (V3-V4)";"892";"450";"Associé"
"896";"903";"fr";"latéral bas (V5-V6)";"892";"451";"Associé"
"897";"905";"fr";"latéral haut (DI-VL)";"892";"452";"Associé"
"898";"907";"fr";"inférieur (DIII-VF-DII)";"892";"453";"Associé"
"899";"909";"fr";"postéro-basal (V7-V8-V9)";"892";"454";"Associé"
"900";"911";"fr";"droite (V3R-V4R)";"892";"455";"Associé"
"901";"913";"fr";"Sus-décalage ST évocateur d'anévrysme ventriculaire";"866";"456";"Normal"
"902";"915";"fr";"antérieur (V1-V6)";"901";"457";"Associé"
"903";"917";"fr";"septal (V1-V2)";"901";"458";"Associé"
"904";"919";"fr";"apical (V3-V4)";"901";"459";"Associé"
"905";"921";"fr";"latéral bas (V5-V6)";"901";"460";"Associé"
"906";"923";"fr";"latéral haut (DI-VL)";"901";"461";"Associé"
"907";"925";"fr";"inférieur (DIII-VF-DII)";"901";"462";"Associé"
"908";"927";"fr";"postéro-basal (V7-V8-V9)";"901";"463";"Associé"
"909";"929";"fr";"droite (V3R-V4R)";"901";"464";"Associé"
"913";"931";"fr";"Sous-décalage ST pathologique";"856";"465";"Normal"
"3321";"933";"fr";"diffus";"913";"466";"Associé"
"3322";"935";"fr";"antérieur";"913";"467";"Associé"
"3323";"937";"fr";"septal (V1-V2)";"913";"468";"Associé"
"3324";"939";"fr";"apical (V3-V4)";"913";"469";"Associé"
"3325";"941";"fr";"latéral bas (V5-V6)";"913";"470";"Associé"
"3326";"943";"fr";"latéral haut (DI-VL)";"913";"471";"Associé"
"3327";"945";"fr";"inférieur (DIII-VF-DII)";"913";"472";"Associé"
"3328";"947";"fr";"basal (V7-V8-V9)";"913";"473";"Associé"
"3329";"949";"fr";"droite (V3R V4R)";"913";"474";"Associé"
"914";"951";"fr";"Sous-décalage ST évocateur d'une pathologie coronaire (SCA)";"913";"475";"Normal"
"915";"953";"fr";"diffus";"914";"476";"Associé"
"916";"955";"fr";"antérieur";"914";"477";"Associé"
"917";"957";"fr";"septal (V1-V2)";"914";"478";"Associé"
"918";"959";"fr";"apical (V3-V4)";"914";"479";"Associé"
"919";"961";"fr";"latéral bas (V5-V6)";"914";"480";"Associé"
"920";"963";"fr";"latéral haut (DI-VL)";"914";"481";"Associé"
"921";"965";"fr";"inférieur (DIII-VF-DII)";"914";"482";"Associé"
"922";"967";"fr";"basal (V7-V8-V9)";"914";"483";"Associé"
"923";"969";"fr";"droite (V3R V4R)";"914";"484";"Associé"
"924";"971";"fr";"Sous-décalage ST évocateur d'une ischémie fonctionnelle";"913";"485";"Normal"
"926";"973";"fr";"diffus";"924";"486";"Associé"
"927";"975";"fr";"antérieur";"924";"487";"Associé"
"928";"977";"fr";"septal (V1-V2)";"924";"488";"Associé"
"929";"979";"fr";"apical (V3-V4)";"924";"489";"Associé"
"930";"981";"fr";"latéral bas (V5-V6)";"924";"490";"Associé"
"931";"983";"fr";"latéral haut (DI-VL)";"924";"491";"Associé"
"932";"985";"fr";"inférieur (DIII-VF-DII)";"924";"492";"Associé"
"933";"987";"fr";"basal (V7-V8-V9)";"924";"493";"Associé"
"934";"989";"fr";"droite (V3R V4R)";"924";"494";"Associé"
"935";"991";"fr";"Sous-décalage ST secondaire à une hypertrophie ventriculaire";"913";"495";"Normal"
"936";"993";"fr";"Sous-décalage ST évocateur d'une anomalie métabolique";"913";"496";"Normal"
"939";"995";"fr";"diffus";"936";"497";"Associé"
"940";"997";"fr";"Sous-décalage ST évocateur d'origine médicamenteuse";"913";"498";"Normal"
"944";"999";"fr";"diffus";"940";"499";"Associé"
"945";"1001";"fr";"Sous-décalage ST miroir d'un ST+";"913";"500";"Normal"
"946";"1003";"fr";"antérieur";"945";"501";"Associé"
"947";"1005";"fr";"septal (V1-V2)";"945";"502";"Associé"
"948";"1007";"fr";"apical (V3-V4)";"945";"503";"Associé"
"949";"1009";"fr";"latéral bas (V5-V6)";"945";"504";"Associé"
"950";"1011";"fr";"latéral haut (DI-VL)";"945";"505";"Associé"
"951";"1013";"fr";"inférieur (DIII-VF-DII)";"945";"506";"Associé"
"952";"1015";"fr";"basal (V7-V8-V9)";"945";"507";"Associé"
"953";"1017";"fr";"droite (V3R V4R)";"945";"508";"Associé"
"954";"1019";"fr";"Sous-décalage ST évocateur d'une péricardite/myocardite";"913";"509";"Normal"
"955";"1021";"fr";"antérieur";"954";"510";"Associé"
"956";"1023";"fr";"septal (V1-V2)";"954";"511";"Associé"
"957";"1025";"fr";"apical (V3-V4)";"954";"512";"Associé"
"958";"1027";"fr";"latéral bas (V5-V6)";"954";"513";"Associé"
"959";"1029";"fr";"latéral haut (DI-VL)";"954";"514";"Associé"
"960";"1031";"fr";"inférieur (DIII-VF-DII)";"954";"515";"Associé"
"961";"1033";"fr";"basal (V7-V8-V9)";"954";"516";"Associé"
"962";"1035";"fr";"droite (V3R V4R)";"954";"517";"Associé"
"2045";"1037";"fr";"Anomalie de repolarisation secondaire à une tachycardie";"856";"518";"Normal"
"964";"1039";"fr";"Anomalie de repolarisation secondaire à un QRS large (discordance appropriée)";"856";"519";"Normal"
"963";"1041";"fr";"Anomalie de repolarisation avec QRS large évocatrices d'ischémie myocardique (SCA)";"856";"520";"Normal"
"965";"1043";"fr";"Anomalie de l'Onde T";"0";"521";"Catégorie"
"966";"1045";"fr";"Onde T inversée (discordante avec la polarité du QRS)";"965";"522";"Normal"
"1007";"1047";"fr";"antérieure étendue";"966";"523";"Associé"
"1008";"1049";"fr";"septale (V1-V2)";"966";"524";"Associé"
"1009";"1051";"fr";"apicale (V3-V4)";"966";"525";"Associé"
"1010";"1053";"fr";"latérale (V5-V6 Di aVL)";"966";"526";"Associé"
"1011";"1055";"fr";"inférieure (DII DIII avF)";"966";"527";"Associé"
"1012";"1057";"fr";"postérieure (V7-V8-V9)";"966";"528";"Associé"
"1013";"1059";"fr";"droite (V3R V4R)";"966";"529";"Associé"
"967";"1061";"fr";"Onde T inversée physiologique";"966";"530";"Normal"
"968";"1063";"fr";"isolée en DIII";"967";"531";"Associé"
"969";"1065";"fr";"en V2-V3 (repolarisation de l'apex)";"967";"532";"Associé"
"970";"1067";"fr";"V1-V4 chez l'athlète d'origine africaine";"967";"533";"Associé"
"971";"1069";"fr";"Onde T inversée évocatrice d'effet Chatterjee";"966";"534";"Normal"
"972";"1071";"fr";"antérieure étendue";"971";"535";"Associé"
"973";"1073";"fr";"septale (V1-V2)";"971";"536";"Associé"
"974";"1075";"fr";"apicale (V3-V4)";"971";"537";"Associé"
"975";"1077";"fr";"latérale (V5-V6 Di aVL)";"971";"538";"Associé"
"976";"1079";"fr";"inférieure (DII DIII avF)";"971";"539";"Associé"
"977";"1081";"fr";"postérieure (V7-V8-V9)";"971";"540";"Associé"
"978";"1083";"fr";"droite (V3R V4R)";"971";"541";"Associé"
"979";"1085";"fr";"diffuse";"971";"542";"Associé"
"980";"1087";"fr";"Onde T inversée évocatrice d'une cardiopathie";"966";"543";"Normal"
"981";"1089";"fr";"antérieure étendue";"980";"544";"Associé"
"982";"1091";"fr";"septale (V1-V2)";"980";"545";"Associé"
"983";"1093";"fr";"apicale (V3-V4)";"980";"546";"Associé"
"984";"1095";"fr";"latérale (V5-V6 Di aVL)";"980";"547";"Associé"
"985";"1097";"fr";"inférieure (DII DIII avF)";"980";"548";"Associé"
"986";"1099";"fr";"postérieure (V7-V8-V9)";"980";"549";"Associé"
"987";"1101";"fr";"droite (V3R V4R)";"980";"550";"Associé"
"988";"1103";"fr";"diffuse";"980";"551";"Associé"
"989";"1105";"fr";"Onde T inversée écovatrice d'une pathologie coronaire (SCA)";"966";"552";"Normal"
"990";"1107";"fr";"antérieure étendue";"989";"553";"Associé"
"991";"1109";"fr";"septale (V1-V2)";"989";"554";"Associé"
"992";"1111";"fr";"apicale (V3-V4)";"989";"555";"Associé"
"993";"1113";"fr";"latérale (V5-V6 Di aVL)";"989";"556";"Associé"
"994";"1115";"fr";"inférieure (DII DIII avF)";"989";"557";"Associé"
"995";"1117";"fr";"postérieure (V7-V8-V9)";"989";"558";"Associé"
"996";"1119";"fr";"droite (V3R V4R)";"989";"559";"Associé"
"997";"1121";"fr";"diffuse";"989";"560";"Associé"
"2232";"1123";"fr";"Onde T inversée évocatrice d'une ischémie fonctionnelle";"966";"561";"Normal"
"2500";"1125";"fr";"secondaire à une tachycardie";"2232";"562";"Associé"
"2501";"1127";"fr";"antérieure étendue";"2232";"563";"Associé"
"2503";"1129";"fr";"septale (V1-V2)";"2232";"564";"Associé"
"2504";"1131";"fr";"apicale (V3-V4)";"2232";"565";"Associé"
"2505";"1133";"fr";"latérale bas (V5-V6)";"2232";"566";"Associé"
"2506";"1135";"fr";"latérale haut (DI-VL)";"2232";"567";"Associé"
"2507";"1137";"fr";"inférieure (DIII-VF-DII)";"2232";"568";"Associé"
"2508";"1139";"fr";"basale (V7-V8-V9)";"2232";"569";"Associé"
"2509";"1141";"fr";"droite (V3R V4R)";"2232";"570";"Associé"
"2510";"1143";"fr";"diffuse";"2232";"571";"Associé"
"998";"1145";"fr";"Onde T inversée écovatrice d'une anomalie métabolique";"966";"572";"Normal"
"1000";"1147";"fr";"Onde T inversée écovatrice d'origine médicamenteuse";"966";"573";"Normal"
"1003";"1149";"fr";"Onde T inversée écovatrice d'un Tako-tsubo";"966";"574";"Normal"
"1004";"1151";"fr";"Onde T inversée écovatrice d'un épanchement péricardique";"966";"575";"Normal"
"1005";"1153";"fr";"Onde T inversée écovatrice d'une embolie pulmonaire";"966";"576";"Normal"
"1014";"1155";"fr";"Onde T négative";"965";"577";"Normal"
"1017";"1157";"fr";"antérieure étendue";"1014";"578";"Associé"
"1018";"1159";"fr";"septale (V1-V2)";"1014";"579";"Associé"
"1019";"1161";"fr";"apicale (V3-V4)";"1014";"580";"Associé"
"1020";"1163";"fr";"latérale (V5-V6 Di aVL)";"1014";"581";"Associé"
"1021";"1165";"fr";"inférieure (DII DIII avF)";"1014";"582";"Associé"
"1022";"1167";"fr";"postérieure (V7-V8-V9)";"1014";"583";"Associé"
"1023";"1169";"fr";"droite (V3R V4R)";"1014";"584";"Associé"
"1015";"1171";"fr";"Onde T négative physiologique";"1014";"585";"Normal"
"1016";"1173";"fr";"V1-V3 chez le jeune adulte (pas d'onde T inversée)";"1015";"586";"Associé"
"1024";"1175";"fr";"Onde T bifide";"965";"587";"Normal"
"1025";"1177";"fr";"Onde T ample";"965";"588";"Normal"
"1026";"1179";"fr";"Onde T plate";"965";"589";"Normal"
"1027";"1181";"fr";"Onde U anormale (Onde U > onde T)";"965";"590";"Normal"
"2233";"1183";"fr";"secondaire à une tachycardie";"965";"591";"Associé"
"2234";"1185";"fr";"antérieure étendue";"965";"592";"Associé"
"2235";"1187";"fr";"septale (V1-V2)";"965";"593";"Associé"
"2236";"1189";"fr";"apicale (V3-V4)";"965";"594";"Associé"
"2237";"1191";"fr";"latérale (V5-V6 Di aVL)";"965";"595";"Associé"
"2238";"1193";"fr";"inférieure (DII DIII avF)";"965";"596";"Associé"
"2239";"1195";"fr";"postérieure (V7-V8-V9)";"965";"597";"Associé"
"2240";"1197";"fr";"droite (V3R V4R)";"965";"598";"Associé"
"2241";"1199";"fr";"diffuse";"965";"599";"Associé"
"1028";"1201";"fr";"Anomalie de la durée du QT";"0";"600";"Catégorie"
"1029";"1203";"fr";"QT long";"1028";"601";"Normal"
"1030";"1205";"fr";"QT long secondaire";"1029";"602";"Normal"
"1031";"1207";"fr";"QT long d'origine médicamenteuse";"1030";"603";"Normal"
"1034";"1209";"fr";"QT long d'origine métabolique";"1030";"604";"Normal"
"1041";"1211";"fr";"QT long secondaire à une bradycardie";"1030";"605";"Normal"
"1046";"1213";"fr";"QT long congénital";"1029";"606";"Normal"
"1049";"1215";"fr";"QT long congénital de type 1";"1046";"607";"Normal"
"1052";"1217";"fr";"QT long congénital de type 2";"1046";"608";"Normal"
"1055";"1219";"fr";"QT long congénital de type 3";"1046";"609";"Normal"
"1058";"1221";"fr";"QT long congénital de type > 3";"1046";"610";"Normal"
"1769";"1223";"fr";"phénomène R sur T";"1029";"611";"Associé"
"1063";"1225";"fr";"QT court (QTc <= 320 ms)";"1028";"612";"Normal"
"1064";"1227";"fr";"Anomalie métabolique";"0";"613";"Catégorie"
"1065";"1229";"fr";"Hypokaliémie";"1064";"614";"Normal"
"1069";"1231";"fr";"Hyperkaliémie";"1064";"615";"Normal"
"1074";"1233";"fr";"Hypocalcémie";"1064";"616";"Normal"
"1076";"1235";"fr";"Hypercalcémie";"1064";"617";"Normal"
"1078";"1237";"fr";"sus-décalage ST pathologique";"1076";"618";"Associé"
"1080";"1239";"fr";"Hypothermie";"1064";"619";"Normal"
"1085";"1241";"fr";"Onde J d'osborn";"1080";"620";"Normal"
"1086";"1243";"fr";"Médicamenteux / toxique";"0";"621";"Catégorie"
"1087";"1245";"fr";"Antiarythmique de classe 1 (bloqueurs sodiques)";"1086";"622";"Normal"
"1094";"1247";"fr";"surdosage";"1087";"623";"Associé"
"1095";"1249";"fr";"imprégnation";"1087";"624";"Associé"
"1096";"1251";"fr";"Antiarythmique de classe 2 (bétabloquants)";"1086";"625";"Normal"
"1100";"1253";"fr";"surdosage";"1096";"626";"Associé"
"1101";"1255";"fr";"imprégnation";"1096";"627";"Associé"
"1102";"1257";"fr";"Antiarythmique de classe 3 (bloqueurs potassiques)";"1086";"628";"Normal"
"1107";"1259";"fr";"surdosage";"1102";"629";"Associé"
"1108";"1261";"fr";"imprégnation";"1102";"630";"Associé"
"1109";"1263";"fr";"Antiarythmique de classe 4 (bloqueurs calciques)";"1086";"631";"Normal"
"1113";"1265";"fr";"surdosage";"1109";"632";"Associé"
"1114";"1267";"fr";"imprégnation";"1109";"633";"Associé"
"1115";"1269";"fr";"Digitaliques";"1086";"634";"Normal"
"1120";"1271";"fr";"surdosage";"1115";"635";"Associé"
"1121";"1273";"fr";"imprégnation";"1115";"636";"Associé"
"1122";"1275";"fr";"Stabilisateurs de membrane";"1086";"637";"Normal"
"1127";"1277";"fr";"Inhibiteurs de la recapture de la sérotonine";"1086";"638";"Normal"
"1128";"1279";"fr";"surdosage";"1127";"639";"Associé"
"1129";"1281";"fr";"imprégnation";"1127";"640";"Associé"
"1130";"1283";"fr";"Neuroleptiques";"1086";"641";"Normal"
"1131";"1285";"fr";"surdosage";"1130";"642";"Associé"
"1132";"1287";"fr";"imprégnation";"1130";"643";"Associé"
"1133";"1289";"fr";"Anti-dépresseurs tricycliques";"1086";"644";"Normal"
"1135";"1291";"fr";"surdosage";"1133";"645";"Associé"
"1136";"1293";"fr";"imprégnation";"1133";"646";"Associé"
"1137";"1295";"fr";"Médicamenteux autre";"1086";"647";"Normal"
"1138";"1297";"fr";"Cardiopathie / contexte";"0";"648";"Catégorie"
"1139";"1299";"fr";"Absence de cardiopathie (coeur sain)";"1138";"649";"Normal"
"1140";"1301";"fr";"Amylose";"1138";"650";"Normal"
"1142";"1303";"fr";"Athlète / sportif";"1138";"651";"Normal"
"1147";"1305";"fr";"Cardiomyopathie dilatée";"1138";"652";"Normal"
"1148";"1307";"fr";"Cardiomyopathie hypertrophique";"1138";"653";"Normal"
"1151";"1309";"fr";"ST- secondaire à une hypertrophie ventriculaire";"1148";"654";"Associé"
"1152";"1311";"fr";"Cardiomyopathie restrictive";"1138";"655";"Normal"
"1153";"1313";"fr";"Cardiopathie arythmogène (dont dysplasie arythmogène du ventricule droit: DAVD)";"1138";"656";"Normal"
"1154";"1315";"fr";"Onde Epsilon";"1153";"657";"Normal"
"1157";"1317";"fr";"Cardiopathie autre";"1138";"658";"Normal"
"1158";"1319";"fr";"Cardiopathie congénitale";"1138";"659";"Normal"
"1159";"1321";"fr";"Tétrallogie de Fallot";"1158";"660";"Normal"
"1162";"1323";"fr";"Transposition des gros vaisceaux";"1158";"661";"Normal"
"1165";"1325";"fr";"Communication inter-ventriculaire";"1158";"662";"Normal"
"1168";"1327";"fr";"Communication inter-auriculaire";"1158";"663";"Normal"
"1172";"1329";"fr";"Double discordance";"1158";"664";"Normal"
"1175";"1331";"fr";"Ventricule unique";"1158";"665";"Normal"
"1178";"1333";"fr";"Maladie d'Ebstein";"1158";"666";"Normal"
"1183";"1335";"fr";"Cardiopathie ischémique";"1138";"667";"Normal"
"1185";"1337";"fr";"Cardiopathie rythmique";"1138";"668";"Normal"
"1187";"1339";"fr";"Cardiopathie toxique";"1138";"669";"Normal"
"1188";"1341";"fr";"Cardiopathie aux anthracyclines";"1187";"670";"Normal"
"1189";"1343";"fr";"Cardiopathie chimiothérapie autre";"1187";"671";"Normal"
"1190";"1345";"fr";"Cardiopathie alcoolique";"1187";"672";"Normal"
"1191";"1347";"fr";"Coeur pulmonaire aigü (embolie pulmonaire)";"1138";"673";"Normal"
"1196";"1349";"fr";"Coeur pulmonaire chronique";"1138";"674";"Normal"
"1199";"1351";"fr";"Dysjonction annulaire mitrale";"1138";"675";"Normal"
"1201";"1353";"fr";"Epanchement péricardique";"1138";"676";"Normal"
"1203";"1355";"fr";"Hémochromatose";"1138";"677";"Normal"
"1205";"1357";"fr";"Hypertension artérielle pulmonaire (HTAP)";"1138";"678";"Normal"
"1208";"1359";"fr";"Insuffisance aortique";"1138";"679";"Normal"
"1210";"1361";"fr";"Insuffisance mitrale";"1138";"680";"Normal"
"1212";"1363";"fr";"Laminopathies";"1138";"681";"Normal"
"1215";"1365";"fr";"Maladie de Danon";"1138";"682";"Normal"
"1216";"1367";"fr";"Maladie de Fabry";"1138";"683";"Normal"
"1218";"1369";"fr";"Myocardite";"1138";"684";"Normal"
"1219";"1371";"fr";"sus-décalage ST pathologique";"1218";"685";"Associé"
"1221";"1373";"fr";"Myopathie de Steinert";"1138";"686";"Normal"
"1224";"1375";"fr";"Rétrécissement aortique";"1138";"687";"Normal"
"1226";"1377";"fr";"Rétrécissement mitral";"1138";"688";"Normal"
"1228";"1379";"fr";"Tako-tsubo";"1138";"689";"Normal"
"1230";"1381";"fr";"sus-décalage ST pathologique";"1228";"690";"Associé"
"1232";"1383";"fr";"Tamponnade";"1138";"691";"Normal"
"1233";"1385";"fr";"Alternance electrique";"1232";"692";"Normal"
"1235";"1387";"fr";"Transplantation cardiaque";"1138";"693";"Normal"
"1";"1389";"fr";"Autre";"0";"694";"Catégorie"
"3790";"2861";"fr";"Autre";NULL;"694";"Catégorie"
"2";"1391";"fr";"Aberration de conduction";"1";"695";"Normal"
"3791";"2863";"fr";"Aberration de conduction";"3790";"695";"Normal"
"3";"1393";"fr";"Amiodarone";"1";"696";"Normal"
"3792";"2865";"fr";"Amiodarone";"3790";"696";"Normal"
"7";"1395";"fr";"Artefact (spike) de stimulation atriale";"1";"697";"Normal"
"3793";"2867";"fr";"Artefact (spike) de stimulation atriale";"3790";"697";"Normal"
"8";"1397";"fr";"Artefact (spike) de stimulation ventriculaire";"1";"698";"Normal"
"3794";"2869";"fr";"Artefact (spike) de stimulation ventriculaire";"3790";"698";"Normal"
"9";"1399";"fr";"Arythmie respiratoire";"1";"699";"Normal"
"3795";"2871";"fr";"Arythmie respiratoire";"3790";"699";"Normal"
"10";"1401";"fr";"Aspect S1Q3";"1";"700";"Normal"
"3796";"2873";"fr";"Aspect S1Q3";"3790";"700";"Normal"
"18";"1403";"fr";"Bruit";"1";"701";"Normal"
"3801";"2875";"fr";"Bruit";"3790";"701";"Normal"
"19";"1405";"fr";"Coeur sain";"1";"702";"Normal"
"3802";"2877";"fr";"Coeur sain";"3790";"702";"Normal"
"20";"1407";"fr";"Complexe de capture";"1";"703";"Normal"
"3803";"2879";"fr";"Complexe de capture";"3790";"703";"Normal"
"21";"1409";"fr";"Complexe de fusion";"1";"704";"Normal"
"3804";"2881";"fr";"Complexe de fusion";"3790";"704";"Normal"
"22";"1411";"fr";"Concordance négative";"1";"705";"Normal"
"3805";"2883";"fr";"Concordance négative";"3790";"705";"Normal"
"23";"1413";"fr";"Concordance positive";"1";"706";"Normal"
"3806";"2885";"fr";"Concordance positive";"3790";"706";"Normal"
"31";"1415";"fr";"Cupule digitalique";"1";"707";"Normal"
"3807";"2887";"fr";"Cupule digitalique";"3790";"707";"Normal"
"34";"1417";"fr";"Déplacement de sonde";"1";"708";"Normal"
"3808";"2889";"fr";"Déplacement de sonde";"3790";"708";"Normal"
"35";"1419";"fr";"Dissociation atrio-ventriculaire";"1";"709";"Normal"
"3809";"2891";"fr";"Dissociation atrio-ventriculaire";"3790";"709";"Normal"
"36";"1421";"fr";"Dissociation isorythmique";"1";"710";"Normal"
"3810";"2893";"fr";"Dissociation isorythmique";"3790";"710";"Normal"
"37";"1423";"fr";"Distorsion terminale";"1";"711";"Normal"
"3811";"2895";"fr";"Distorsion terminale";"3790";"711";"Normal"
"40";"1425";"fr";"Dualité nodale";"1";"712";"Normal"
"3812";"2897";"fr";"Dualité nodale";"3790";"712";"Normal"
"42";"1427";"fr";"Elevation point J";"1";"713";"Normal"
"3813";"2899";"fr";"Elevation point J";"3790";"713";"Normal"
"51";"1429";"fr";"Fibre atrio-fasciculaire";"1";"714";"Normal"
"3814";"2901";"fr";"Fibre atrio-fasciculaire";"3790";"714";"Normal"
"52";"1431";"fr";"Fibre atrio-ventriculaire";"1";"715";"Normal"
"3815";"2903";"fr";"Fibre atrio-ventriculaire";"3790";"715";"Normal"
"53";"1433";"fr";"Fibre nodo-fasciculaire";"1";"716";"Normal"
"3816";"2905";"fr";"Fibre nodo-fasciculaire";"3790";"716";"Normal"
"54";"1435";"fr";"Fibre nodo-ventriculaire";"1";"717";"Normal"
"3817";"2907";"fr";"Fibre nodo-ventriculaire";"3790";"717";"Normal"
"56";"1437";"fr";"Flutter Flécainide";"1";"718";"Normal"
"3818";"2909";"fr";"Flutter Flécainide";"3790";"718";"Normal"
"64";"1439";"fr";"Hypomagnésémie";"1";"719";"Normal"
"3819";"2911";"fr";"Hypomagnésémie";"3790";"719";"Normal"
"70";"1441";"fr";"Lithium";"1";"720";"Normal"
"3820";"2913";"fr";"Lithium";"3790";"720";"Normal"
"71";"1443";"fr";"Manœuvres vagales";"1";"721";"Normal"
"3821";"2915";"fr";"Manœuvres vagales";"3790";"721";"Normal"
"75";"1445";"fr";"Onde delta";"1";"722";"Normal"
"3822";"2917";"fr";"Onde delta";"3790";"722";"Normal"
"96";"1447";"fr";"Onde U";"1";"723";"Normal"
"3823";"2919";"fr";"Onde U";"3790";"723";"Normal"
"98";"1449";"fr";"Période de Luciani-Wenckebach";"1";"724";"Normal"
"3824";"2921";"fr";"Période de Luciani-Wenckebach";"3790";"724";"Normal"
"103";"1451";"fr";"QRS fins";"1";"725";"Normal"
"3825";"2923";"fr";"QRS fins";"3790";"725";"Normal"
"105";"1453";"fr";"Quinidine";"1";"726";"Normal"
"3826";"2925";"fr";"Quinidine";"3790";"726";"Normal"
"106";"1455";"fr";"Resynchronisation épicardique chirurgicale";"1";"727";"Normal"
"3827";"2927";"fr";"Resynchronisation épicardique chirurgicale";"3790";"727";"Normal"
"112";"1457";"fr";"Sous-décalage segment PQ";"1";"728";"Normal"
"3828";"2929";"fr";"Sous-décalage segment PQ";"3790";"728";"Normal"
"139";"1459";"fr";"Syndrome coronaire aigü (SCA)";"1";"729";"Normal"
"3829";"2931";"fr";"Syndrome coronaire aigü (SCA)";"3790";"729";"Normal"
"145";"1461";"fr";"Tachycardie supra-ventriculaire (TSV)";"1";"730";"Normal"
"3830";"2933";"fr";"Tachycardie supra-ventriculaire (TSV)";"3790";"730";"Normal"
"148";"1463";"fr";"Test à l'adénosine";"1";"731";"Normal"
"3831";"2935";"fr";"Test à l'adénosine";"3790";"731";"Normal"
"3789";"1465";"fr";"Manoeuvres vagales";"1";"732";"Normal"
"3138";"1467";"fr";"Arrêt anomalie de rythme";"0";"733";"Normal"
"3139";"1469";"fr";"Début anomalie de rythme";"0";"734";"Normal"
"1237";"1471";"fr";"ECG normal";"0";"735";"Normal"
